row_index,actual_overall_yield,ridge_oof,polynomial_ridge_oof,random_forest_oof,extratrees_oof,histgradientboosting_oof,small_mlp_oof,mechanistic_pfr_oof,physics_mlp_oof,pfr_+_residual_hgb_oof,physics_extratrees_oof,physics_hgb_oof,physics_hgb_logit_oof,gaussian_process_oof,final_model_oof
0,63.024,63.63673240608938,61.74548142149975,68.3785376412987,64.36553138888887,74.96905173611458,71.30983933960512,67.89461527288371,61.07556771008494,67.74209371123165,70.40645206666663,74.31485897624535,71.30077246163572,67.40731857423648,68.64381450666724
1,86.611,50.77664496336138,65.44472658647426,77.01731804729826,77.16284647222221,75.13941140495217,63.30084457923455,87.47855902074669,86.63451695719648,86.59651487796876,84.88440800000014,84.12585038735924,82.06824340955757,85.19542680315503,85.58567093478624
2,86.347,53.25814117988889,67.64696537587989,73.88943061476192,76.84588852777776,81.67630634225186,70.97321300010515,85.3006431493125,83.67740150408888,86.39150176270023,83.35017786666667,83.35979529032622,81.69424678431815,85.08525597909636,85.01934074718778
3,92.175,61.892519984794276,72.58843860280048,86.30221377962482,86.58068322222223,94.80872394437384,79.76184243337417,99.53079328812228,90.75870397756067,93.9213423955986,92.8708913999998,91.0764648348795,93.05357972246411,96.60940719461024,94.36045451828366
4,82.211,45.14313060702851,66.01784085573725,60.53598612144303,62.146669111111144,55.81482008863395,55.74878786336018,92.05580295164282,69.21117783889434,76.67131123204388,85.32789846666667,81.7751437994973,75.64634146724403,82.04693957176472,81.08420472017264
5,0.0,0.0,0.0,1.066434936147186,0.7894210277777765,0.0,0.29040173408677167,0.0,0.08713678880867569,2.7549039575686414,0.3896845999999999,0.7388878976339208,0.03461877366807335,0.5114329043393624,1.3567245525206535
6,78.627,64.61277479125135,99.68429739752231,81.0070845097403,80.80330927777769,86.4423098274998,83.18365823417305,93.0758478231751,91.96959665169143,88.93006796238012,84.71200473333336,83.48109854563145,84.54361399340054,89.60683991806661,87.60667635153996
7,61.95,61.24855434057163,65.24684005838375,63.860229108412696,61.59439302777771,66.88273106383173,64.00110183051216,61.61285153520836,56.83321006381,59.29137491732001,62.734213399999874,62.68861262124726,66.64566083774093,59.08673294561373,60.43785951217738
8,2.807,14.788237014406093,5.923241487810872,16.641295916666667,8.442401166666667,4.081000068891159,0.8286654085123446,17.17175233416696,4.457841086447562,13.75616727139736,10.52245839999999,7.33059736972433,6.770511100380588,15.418346835894614,13.081328017782866
9,34.451,41.97610431362894,38.17631645517457,45.16734280942278,37.61913830555551,36.580172343449036,38.07557171555176,30.18930227427046,21.89166847993838,32.7000225634455,34.518088066666614,26.410803755426645,28.23553045613186,34.02280034609413,33.62577055524516
10,83.297,81.96317718967744,86.52484861694064,90.6671058459307,88.61426961111108,98.51076170487156,85.12084893793204,97.11627179810972,86.84599779213218,92.05183972428469,92.79782713333324,94.46658063986247,94.54286360715143,93.20634914714276,92.72614304477648
11,67.25,25.445284209464376,65.07406191645894,52.37933289349203,63.99966699999999,53.59480185640679,55.86967935374355,75.47091255283522,80.96426789885635,79.2730646791372,75.02715413333328,75.649988281377,74.98385540691213,74.42002999970904,76.54632206648856
12,73.187,32.62899602632956,66.39874268778121,52.60931179050506,60.78165386111108,57.45169208163948,61.12752332874377,76.97240177546313,66.28340621475077,74.15473949506335,72.2010719333333,74.32160905297584,72.98230754846108,77.71062186762418,74.48293392700401
13,2.446,26.29145548229019,0.0,13.456981050476182,7.027058777777794,9.406578246876887,0.024662593138802202,1.341666675385092e-05,0.5134139269227002,0.881686081078828,3.184884200000003,4.209203786427861,0.31827903183786044,3.8705272563631667,2.492896859682594
14,0.0,0.0,6.677323835421653,0.4858765958730159,0.43400150000000004,0.491938477864846,0.2569224424884534,0.0,0.25622871358068006,0.5209466901309165,0.02880866666666677,0.29720978785365676,0.013683824926578983,1.7124249038578383,0.6680122783518104
15,0.0,1.8051970929497556,10.003017401886746,0.33882830539682557,0.2768886666666669,0.9204362278309557,0.35356699497209115,0.0,0.31610174201448465,0.5411775954581165,0.07914566666666666,0.13640425810595608,0.05735826329805934,0.2861691233847168,0.30281060965665496
16,74.491,72.2647108490119,67.98754631787479,76.6943115624099,75.50451747222218,78.74163599844638,66.04671505189177,74.43119246501874,69.41621631069545,76.2021621697949,73.93384193333327,73.99792833516615,75.82458647750255,73.72536311239487,74.87820853906696
17,84.066,63.015907438455166,84.47738768628751,74.26908182818188,74.57677741666664,82.02438513849029,96.77801210494451,92.02039999085362,90.89089698852574,92.45549825036343,87.65931720000006,88.02446456305105,86.68836732198899,92.91048607257338,90.98353383291509
18,73.076,29.039990398507097,24.416270793456295,47.84417364412692,47.57679238888889,46.281689003870994,24.341563217335445,65.66041312373174,65.77238822952577,70.1079447519553,72.91204266666661,75.04750391746153,65.78605820698161,71.67147457209671,71.473804149843
19,0.0,29.90746805988896,0.26061507858413224,5.827621825873015,5.611202722222222,0.7281818943128462,0.18029222272950643,0.0002690869100630861,0.619136239728241,0.8894221159822774,0.026154133333333347,0.47291029733645695,0.021949889690901284,1.3969710640703155,0.7600646743540507
20,49.555,52.81940404969318,59.38052079585756,44.7530476103319,45.75049608333328,44.056455736464166,52.202597816012585,35.25059302423582,51.31804136953542,42.32512536796213,38.85170553333331,37.55007815768828,34.24462998410425,41.94288248413524,40.87764423419115
21,43.583,83.11493217820131,42.7684136228003,54.72849799920633,53.138769833333335,47.6700529192201,27.106598251729576,0.6173901335822436,19.471538966360033,5.011470307421637,3.268931533333337,7.699120784610564,1.3842814387033449,15.025363980121075,7.085233265652446
22,73.877,36.333085293677854,47.2778229728779,44.0254196765079,48.8741052222222,41.16794473290503,53.02066561783745,69.63667769276944,71.23610421061946,67.39995670222348,70.89804193333327,67.7856921652145,68.20026266826336,68.45673690594096,68.96383302448605
23,28.733,56.10146971220114,54.63605658143761,85.7111793842857,65.78401766666659,83.44584400999648,63.75691149242043,14.551543703141608,12.422705163967485,15.468907195765002,13.43310893333332,9.733727940569123,13.751500909468612,18.28647643063823,15.445010774130969
24,0.0,0.0,0.0,0.11055620666666674,0.4844124166666651,0.12067171402079864,0.23792928979733544,0.03267956502805945,0.7030961660425075,1.6224135477192085,0.36251553333333325,0.5811607936906047,0.03934501452589641,0.0,0.7388932130248984
25,7.283,35.02225365173623,34.50344109470471,24.87341396952381,40.14965258333337,44.595735158370886,17.95184597142302,0.642509971672546,1.4968791665862575,6.366017518293681,0.5265541333333336,3.0691356701565518,0.11691251128896507,2.984165308943343,3.4543895462239087
26,86.422,48.99264976738918,57.63784987858488,53.00566623555552,53.62378074999996,58.09945659510545,63.95472619401515,85.52857337350206,82.73285485389421,78.0126290218187,83.18682893333337,82.59708407586686,81.01188432878484,80.67101507113047,80.51173647553489
27,0.0,26.20207210854958,12.925942538365888,1.153989151904762,2.1730127500000007,7.351333351791155,0.0,0.25395457969763613,0.4582404718041483,0.12444426483334489,0.022405466666666696,0.08341136907376775,0.01790778412950958,0.0,0.04951244054525811
28,74.272,85.1179190818894,99.5703906732447,86.15704624825392,85.15292641666663,92.4368560823641,98.57982346374298,82.53909907672076,77.77851642733822,76.72027786249478,81.79080526666664,83.2677244267193,85.48421455629327,79.47106817727976,79.51437914784277
29,99.933,73.07677391663408,92.37031230118002,86.81286901790757,89.35193191666632,94.66584296794005,82.22274123951404,99.19883352910517,95.69276553748925,98.78069518360957,97.61166439999957,98.43537852508419,98.9168520600969,98.26311365590007,98.29033344153186
30,0.146,42.71608494594035,37.228169675861885,9.590094500000003,37.56527883333329,23.687390357970898,28.74088877445687,3.358091847459863,0.061689371382183465,5.6047396379118934,0.7274366666666657,0.27664469914554624,0.35878314201788963,3.682667587087591,3.3316362111779583
31,0.0,0.0,3.8791863278233776,0.03583810285714291,0.08788766666666674,0.0,0.31856342452111824,0.0,0.6895635574244681,0.16187872483399773,0.003375199999999999,0.1944969319213972,0.006163309472119351,1.523825702936233,0.4765453764468418
32,0.0,27.268491737314,0.7691696431476671,36.012278646190495,25.965884944444458,19.212378663119885,26.5419118247185,0.0,12.33112490311025,0.12147892755910503,0.585497733333334,1.427713562620676,0.0625914639202088,3.039269610016267,1.1488993586016605
33,52.1,44.94490025034843,58.70798343846989,55.36331086396823,58.89721988888889,59.89823304033903,52.892924264574866,54.21605579733019,50.48613867362717,47.62619815858867,49.07197913333335,48.429327386784834,51.280542529344515,54.101232605544546,49.96972748611521
34,25.189,63.20975981425495,13.59816621291427,35.583740908888885,34.285621111111105,35.43341306908361,17.705175085912572,16.087971481862542,26.73291423620695,20.775957954250202,22.31923399999998,22.30025924244646,16.67770301180506,18.642602638918042,20.688328725188928
35,62.682,46.884410764915785,68.79003478884422,64.24124061155842,69.22443588888879,64.72529811361086,61.817932910177205,73.83591629108666,71.94038597596179,72.58308736768423,74.40046246666661,74.6698498198251,74.78743560607806,74.53995934000524,73.72833189837935
36,0.549,8.884169648284193,13.794977213082268,6.123081600764791,2.422317833333337,1.9904133843434537,3.730381515168671,0.9224124233220327,0.23219000143969254,0.27508730850697904,0.5521101333333323,0.7370691520220334,0.21648802100741565,0.0,0.283565300011246
37,77.853,50.93033991427629,73.67070124745135,75.95674685447327,72.04200183333332,55.277571077078406,69.6978613671747,67.61527151607841,73.04764229577589,77.56278902861081,87.00550706666657,90.42439696448662,91.68221680787488,64.07455717713046,76.98215329076478
38,94.774,67.05381652719393,81.95478484056903,87.89666716904767,89.58989477777757,90.87078328307491,99.6018335303084,100.0,98.35027669449065,92.36076094149185,90.96890773333328,90.17350580183935,90.40072437694499,95.29710100485916,92.72622812005447
39,95.849,53.17327499839887,74.39484504240501,72.06522330463203,75.81319172222213,78.79045972316655,92.52805729628749,99.68912128990311,98.13617070164405,97.82018558589506,93.27279353333302,90.47031054979982,94.01123881015009,98.47412217989265,96.40249675300517
40,92.16,85.72148667290796,79.9159837116254,84.41241372590187,89.0706101111111,89.79042705806883,89.22069906596344,99.80134185994083,83.3490432422674,95.2322286579149,94.88320253333316,94.7247223408651,98.96173222166915,98.79696420998867,96.01146205044543
41,91.91,61.68294829984624,80.02136780699381,83.91137158428572,87.15139199999983,86.83655554883907,80.93964778397643,100.0,93.40118771599941,91.52374441166737,93.35880459999983,89.47641468172318,93.24799789409526,93.88750604613294,92.76548933064338
42,96.569,66.9179764347668,79.07094794187181,76.55510869666668,84.2906468333332,86.28150100518444,76.75049140120302,100.0,87.38714258131769,97.08283771902411,96.04090753333324,94.56262978856779,96.89703845948063,95.06142474636678,96.19448149553719
43,45.376,52.88396473944196,55.54431980605818,48.47308265095241,48.95611505555558,49.87949730716366,47.53029102340121,45.4872265348535,49.797794206707266,47.8227399867197,48.06908859999997,54.14895363463345,50.370492682268925,45.15847745731409,47.06045885806392
44,86.874,75.68975180767569,96.11502827430152,84.10165621444449,83.87225222222227,88.11911068303571,92.9523984282346,95.42885609185632,86.186946907095,90.08785511794201,87.71732943333333,88.0127831119463,83.3262008861955,93.65310335586086,90.33462235777866
45,0.0,14.793594323565795,6.635421783501178,1.6709899943867241,5.525575805555557,8.658189347895894,1.2434610303437517,0.3757942658739831,0.10538577821992386,0.0,0.036402200000000016,0.13306030689395087,0.02299263846328995,0.0,0.012447865661028321
46,0.111,34.98813700908072,27.792967666168238,0.7644833365079362,3.700479055555556,2.5582917587858147,2.7120688762162626,0.0005196964115176791,0.055907341032116385,0.18609517141942733,0.1306619333333334,0.011620833303691926,0.01823352314593125,1.3901293845177818,0.5486759738727826
47,15.468,34.4145268942234,50.202252413566704,23.362123662063475,25.54048394444444,20.65600679707766,38.064200544126166,11.991725299980713,16.008501982633483,13.367073090263432,15.342308599999999,11.317229002466346,14.313296731509974,19.685941281274335,15.787619156401187
48,0.134,32.85329150959733,16.821994326196105,1.5030798109523815,5.2904256666666685,3.1512208424936308,6.642704436073319,0.0,0.3799133760972251,0.9958760190203438,0.10631833333333325,0.40895408890364016,0.0657784230719938,0.986970219788563,0.7003632714664045
49,0.705,43.34611303910184,9.159268533288905,3.01803473034632,13.635630611111136,1.2212277849168516,11.596704235305658,0.0,1.6478324385076664,0.5496848953134285,0.2715034666666665,0.6471794217705862,0.04155384552660043,6.947185891881792,2.1834826845793627
50,76.393,63.289267980493584,71.91165223804862,73.54380198875904,75.97875438888886,72.49125836484396,57.70524881895707,80.5093158788503,72.9521294311527,75.70823272688236,77.62831786666665,74.22246517450986,75.70170905735196,76.52803537637884,76.64975340547026
51,0.0,3.231283076142984,0.7993946139896082,2.4921996673448774,1.3720536111111126,1.7701045430203277,0.17251489364481548,0.00037050765489290765,0.7060883433986324,0.05182658491451001,0.21663240000000017,0.14885003984720896,0.03255359887896371,0.0,0.0929881243912151
52,8.861,25.87830385516324,26.424585665225084,14.038903239523819,20.953871222222254,31.459732785258883,5.3679193113594525,32.684045139958215,16.06902315241403,27.858799887133472,19.098448266666672,23.025047540423714,20.836435318164927,31.69136377018885,26.1195195402073
53,85.606,31.188645880400475,51.082566490977555,60.20600490698409,59.600674888888854,43.33835105533214,45.58256970580425,84.50943731827779,80.94796345435755,82.88097693458052,81.95372713333322,84.738166663284,86.07196668084683,79.62781859523567,81.66387289750313
54,73.519,50.61391686083842,60.22029320297281,65.31004835427123,67.7262008611111,68.77228082516798,66.60818887291497,77.6593717252704,71.1481854589563,75.4295199694496,74.19144853333329,74.75678911253729,75.29937080126544,77.79967887245239,75.69751798385035
55,66.567,37.86370773346041,24.652616658288064,52.44514772457431,55.06514916666657,50.04969695442041,38.22412504125161,44.08740013725815,73.62175179312013,51.20716696276486,43.571735466666624,43.383997853410094,42.637564479337435,69.48063227901787,53.42813418719656
56,97.789,49.8842340577426,75.57032384989012,57.74103536555556,78.43686733333318,68.96241835014804,55.833577997007225,92.28774755465459,95.21941991081664,92.96585941864478,93.0280253333332,97.4083517338178,98.17709658435315,91.01317838806729,92.44598923796568
57,72.704,57.168580476137244,53.861719887515804,61.735789579494906,58.547860916666686,50.518948340250915,39.29861771882506,37.60894678514683,36.44629645416269,39.33977030222817,33.00559753333327,31.072131922863644,54.516196709238464,38.958511887584244,37.10720297602599
58,0.143,8.896630807702827,25.277378110872537,0.9081641825396811,3.0398204444444294,4.334385761616803,0.0948524608482852,0.0,3.518726746856008,3.2842180219190524,0.15238563333333371,1.3033482650281232,0.015292800842162441,3.1596175740007566,2.2952415754511524
59,0.0,43.76766788013619,21.612868770346033,1.8845331484126997,7.800364833333328,0.25286123007044725,0.48807116796503214,0.06240860826503321,0.4026560872639737,0.19986443106502577,0.10497680000000005,0.23259309097808195,0.02213174646335033,3.0402481450285435,0.9810027619673862
60,96.202,62.67482249578457,73.38026089751152,86.83876530046184,85.14786636111106,91.31124058277047,93.44808401041544,100.0,95.56406171276933,98.18805952935648,93.83110303333335,92.91028706233911,93.11314958743125,95.64845133826387,96.03026910441336
61,0.0,5.262027164659232,0.721517952629425,0.07172430666666665,0.3779447222222222,2.512816993818169,0.3690797888332591,0.0005328855889148301,0.14489153489704004,0.012695563223797885,0.02206786666666668,0.19985956617577427,0.011069424295321834,0.5085361040137955,0.1589188695410943
62,8.416,46.61492720862011,42.76501110602497,9.048597375873019,30.28827399999999,20.486004978699082,34.605076128663626,33.88393060149265,27.29363308921714,32.57765076791274,23.461823466666658,26.191897789075238,26.831453607875915,32.07313277235734,29.26048890146135
63,95.847,68.05662254076768,76.90639468767804,84.85733882841271,87.64625080555547,91.43507715543872,90.81939680151399,98.67185066800839,100.0,98.63875278553111,94.0408465999999,96.66842032971603,95.9474957992417,98.26280929488796,97.00952416130782
64,0.71,11.370000553459398,0.05267536001903324,15.31932255809524,9.542688499999997,8.346564089664627,8.611678678300507,3.892064399788752,1.937207517942457,0.0,1.6367004000000016,0.0,1.3570677712014647,0.0,0.5512842699315794
65,37.754,61.82124261627105,53.01348557465313,46.849718028023105,46.59487944444449,47.0434250246278,54.08541894739752,25.641249413088083,46.659347062801906,32.188078452696026,34.36804533333331,34.90077824360032,27.676070039889687,32.597209413264295,32.95014761177561
66,0.049,12.27369232214683,2.102879628020689,1.3166181811399706,2.677008638888891,0.4845141997025884,0.12129064691984512,0.0,0.4234061200730236,0.6926819292607546,0.8121392666666661,1.928759621990546,0.5116323506574275,3.3236613296210806,1.474165547201359
67,0.29,23.286766035946847,18.73026845999591,22.054240670476187,10.88551538888889,17.140217556818705,4.7147592695930145,2.672869688125577,2.7723613857486695,1.6802720524684607,3.6562607333333283,1.6144733809459761,1.9175608012217826,0.6484580304282929,2.054564000323118
68,99.971,75.96392661373288,63.25620179923283,78.81286039999998,90.42562683333298,86.46264379249405,90.60482074454771,100.0,99.15718278106556,99.90916256526563,98.86020426666649,98.93057246572485,99.29125330178836,100.0,99.5833660883692
69,10.824,55.28788124301777,0.7361086254196664,22.676921088730165,18.230806000000015,14.421124702356959,5.2134955957975295,6.671442025824869,9.780575596662535,10.928154206906981,10.02231593333332,13.12046886421058,10.067737377967902,7.218624226907409,9.527665948316203
70,36.119,64.15579797995142,42.16262443817308,43.66235478989898,40.06880594444444,45.42930534523013,35.74734918494945,29.25528795671089,35.44069054714065,32.795607377091436,35.65549146666659,34.03187249341692,32.1990061797559,32.38404533884291,33.66364064871185
71,0.0,10.813212571122715,59.63591178353838,32.729706569523806,26.119884111111098,40.59952860682279,16.01993464759093,0.012123015333365813,3.6767968950812175,1.4045151734804593,0.15970279999999998,0.41219562340405813,0.007976241904180796,1.7608570565783808,1.1047056051657702
72,99.676,100.0,74.84381630397546,69.59945023275607,84.88844794444421,67.76697559007508,100.0,100.0,82.48351469130324,99.99930379702514,97.92245053333308,98.69391130518493,97.93781432899581,100.0,99.2904745576531
73,0.0,34.06139371731766,23.36026307349855,10.011027026031751,15.779165527777797,20.753767314351173,0.7403334023942579,0.26207854419653537,0.4370937377045391,0.0,0.4901966666666665,0.30518737624722314,0.3608321657988363,0.21924671636302975,0.22350370671558198
74,79.097,50.72694257745722,76.52336362857322,68.37741730206349,72.1897327222222,79.98451790017418,67.20805287654272,78.62993285820326,75.40032677041435,79.853853053537,76.20710879999993,77.83494340177154,79.31851341641718,80.30669655260813,78.74040648901487
75,0.015,27.953711797969525,17.583028232540393,18.240859987460322,22.009522833333328,19.859971472604254,11.329076286462007,3.6381765762777127,1.4415731071098272,4.582316494366921,0.9853954666666664,0.024919470650420866,0.2726802771793319,2.9463352242245593,2.9302576597761294
76,7.473,30.097937553638996,15.170294904076801,23.87947604958153,15.71888961111111,21.21230823790099,31.164589399919283,44.12668222908282,20.788231198077057,37.19673916785352,46.18721479999998,43.11843458035795,39.47980560891703,40.42399159061383,41.173525956276606
77,96.817,39.93942927371931,32.7151636710894,59.43619446717173,65.77580961111103,66.88880702456281,53.97542103439913,97.429883145844,92.13805673091359,94.707920389883,92.36155173333307,92.83429229840854,96.59105417616813,91.9600529046539,93.03940713777467
78,0.726,0.0,0.0,4.654303162222222,3.0101165555555554,0.5715922298160485,1.4554255374180616,0.7924956600114103,1.1368579853258456,0.2298805250430968,0.12519659999999985,0.2029855458234247,0.06293185064392928,0.0,0.12063458828086404
79,0.0,5.046983587323821,0.0,3.188720533809522,2.735936333333334,5.163515523635416,0.1945780779182864,0.0,0.8851677507519164,1.430973446131919,0.009154133333333335,0.48374501360132527,0.013160281874353762,0.0,0.5644917507026688
80,87.076,24.016029867288808,47.82556925870653,42.85427929761904,37.83666055555553,24.667683820277933,45.68533642008822,64.97647282632742,51.292160437698655,62.54539165402959,69.25437493333331,68.14701109323263,65.50020983348705,58.79797860161701,63.799202929538026
81,94.632,47.6690377439313,48.32542503981757,76.3102431880231,66.32678077777787,79.12809381950285,58.28451795968215,62.67941052845619,75.73003684123967,73.55931979478699,73.29581186666651,78.72597934256899,81.33352587086237,60.88318422566773,69.87345232201103
82,97.427,68.50909365404102,83.65980491906278,79.24188558135639,80.3036457222222,64.0758795593848,94.32692019785516,99.467013610174,100.0,100.0,94.55061826666648,95.17117044836853,97.68109215037224,97.50914743489326,97.4859532686052
83,0.013,0.0,0.0,0.12356638746031749,0.3030456666666669,0.8203121986568039,0.288127190551044,0.0,0.4491374845892916,0.3035674898782317,0.061850066666666724,0.14816012957332556,0.01669841952951953,0.0,0.1448034722090037
84,0.0,0.4008068466889029,0.0,0.12788971142857145,0.3661081666666666,0.08905740138090903,0.158249253531367,9.46850636322739e-10,0.08611696542643968,0.7512735380503675,0.002304933333333333,0.4029868693286719,0.007895358701342153,1.5866992758196006,0.7221258134544154
85,0.0,18.82972979441686,0.0,0.1987103998412699,1.0534814999999997,0.0,0.2674269941801749,0.0008921831495025566,0.4318206913888121,0.18848678543772582,0.37531886666666653,0.29408061288446746,0.03029403436819138,2.3233513508571932,0.8139849899753282
86,85.882,48.30681591378826,46.00179382263146,68.507611114127,57.30693361111107,62.07063682481502,50.40845835515333,73.31797463457113,71.81421177173293,72.36176226801715,78.0937304666667,80.91644875047959,79.88039729819887,69.68559471236969,73.58490765066884
87,42.761,59.18963643023558,52.449410004708305,35.96211054278499,38.80740044444442,31.16905986759334,56.73991961181357,29.134477270154246,41.50404707263122,36.9150127264597,33.81183819999992,34.70946599632191,32.26020118938552,36.39548410778351,35.639861474817245
88,0.0,4.159576841999905,12.519868573257863,4.088730778095238,4.149891999999997,7.75428893078205,1.0783422698375518,0.17191035733720567,0.21833348720945275,0.0,0.10069293333333325,0.07915603146640807,0.030690590718963028,0.0,0.033690869963229376
89,7.472,25.46903177541771,28.442780416833745,33.443664722698394,23.152289111111116,25.169785587691088,25.88445953632631,16.549033250001955,5.9438072304649525,10.995047937917297,19.071998600000004,12.001485765969651,10.974543695312894,15.798349050157464,15.242398609752694
90,1.121,20.73276238904625,7.66313223296643,1.8916310460894654,8.929283500000025,15.522077085481822,3.078174420412886,0.0,7.780429449246517,1.6706925606070455,0.6335021333333336,1.0717677221097304,0.2237083824509678,4.723070528212194,2.184681175360892
91,83.717,53.34687026653658,58.77772173043862,73.11191252272397,74.03771205555555,77.6343422873388,75.64043049512708,98.61735303506576,90.13896949816794,94.78422373663787,91.36386626666672,86.5855306446236,88.2305762055829,91.6586531774681,92.77518893098055
92,50.095,48.41669497294531,52.140948109623636,50.8677567215873,51.13490233333331,54.44233965612157,44.76221789998916,53.74283972709749,55.01048833475102,56.941580528488736,54.06184466666664,55.9482346450889,55.19956279473379,54.95152166385744,55.38857410620583
93,38.841,37.19101952848824,42.43163227767795,32.793621749523815,35.07039269444448,31.779349128479232,41.414685896712264,20.06495005029506,9.855283509197516,23.215126814039102,24.845560399999975,17.357124577236846,25.940051378779675,20.965905340588726,23.17121904072203
94,70.88,69.98343705046496,79.88403376096885,63.453478511457455,67.20953755555544,67.32174622359027,75.51301258708332,64.62820711284924,73.27252238377358,69.99245528613709,68.72532526666662,70.94897812996287,72.25249413889941,71.00663695550561,69.85991707366331
95,0.738,0.0,1.9362202196833707,1.2239761357720056,0.9257681388888889,0.9459296751217291,0.19411393483589542,0.009613311885860686,0.42469274321504297,0.436652012544027,0.1937222666666666,0.3924652751714593,0.06933528734469938,0.0,0.23382495193934538
96,0.596,13.080350358111701,15.55234178923465,7.3259752181385265,9.465609083333334,6.169195262260696,14.88519355646128,3.38865956631291,2.244062734160234,1.8985631606975815,2.3855982000000027,0.19661752129896115,1.015841434679777,0.7921095072661402,1.7666138743578792
97,0.282,49.96421885990858,49.33239509254103,34.796318297936516,30.11159366666671,44.57003115099572,36.416088219733666,22.546660201150328,10.199539289870584,18.916347894860802,17.08119,13.014338220464921,20.93154429995302,22.770287232146593,19.496949965008135
98,98.15,60.28901415739697,62.45848646944292,36.68056120735928,32.23681205555556,20.73765524342563,57.98372060505069,91.91827811832427,90.2304385585606,92.61015957827605,90.94533846666643,92.09715793870602,79.93800941926645,88.69002262905033,90.99421844871249
99,0.0,30.112158822107574,19.3514909898424,1.6533779559018758,7.638257444444444,3.444086228779271,0.18912598645409734,1.5550953959723971e-09,0.7392836220300684,2.6118385849856667,0.8781692000000009,0.7602548815668775,0.12939393939397484,6.5464434301659455,3.1393747874649938
100,0.0,29.035345055305847,4.21824274728238,45.461756183174565,22.17221177777779,37.58982682532805,3.3948001294115975,0.0,0.15211954784725612,0.8722845005197307,0.10746413333333342,1.554232344576057,0.01677754833958537,1.5194710078902602,0.8501299814838224
101,3.408,28.507264359062532,9.720661770614928,34.38188382867243,12.991460361111127,17.3728488912821,0.8518143738134469,3.9242700433604596,0.0,3.6448555443784527,6.392494866666665,9.207431430951564,4.189185313803669,5.339071481671764,5.17105191064193
102,96.577,58.28846293323436,76.89945195200775,86.06299999499275,86.47344055555541,88.69071903476764,91.34766868650806,99.13388167012474,95.64394839967699,93.22935880946197,94.62001946666642,94.09663130591215,94.11471181702518,91.17532432859775,93.11983047520275
103,3.508,33.6179180332962,37.9348411868812,39.01500641210677,22.648337500000007,23.257477244419835,29.374112600555986,22.8421093368545,29.343893071626297,22.732846987543294,30.533142466666636,20.817346152377343,19.779755922139653,21.64717236695646,25.084914436565988
104,66.826,72.97063438160231,82.13526696300266,66.41780272337664,68.81921619444441,63.17511213638461,68.94703224393757,57.36382428916336,64.27790856226866,60.07237016895722,62.30631426666669,64.93249537140312,62.53765199527036,59.785736108447736,60.8104625697767
105,0.0,0.0,7.25612115566714,0.024905313333333352,0.09309605555555552,0.0,0.4656495505525319,0.0,0.8089314746414867,0.13134735629088662,0.0424196,0.07277180068900972,0.00935206509008205,1.6380308768590495,0.4813811797822992
106,56.676,63.794868535262594,80.00048976598536,52.71024682891776,58.521269111111096,54.259060922017355,67.96331887491367,57.59180346573311,62.94745880727587,57.63156922497525,58.487997233333374,58.83284849782734,64.86165859434342,56.40222395895826,57.49790280951871
107,7.493,29.360690517902263,66.59713954370626,28.706434745079367,29.637224222222283,27.871851395282626,30.61903988733001,3.841470068934072,6.739899455901503,8.474940129888925,7.294292266666668,12.908755621168847,2.9282678852131103,11.156812878384542,8.797707424270087
108,0.168,28.68893627678462,24.718584547573517,2.3181055260461747,4.099802111111112,1.211281201675091,6.544755456668097,0.06633156334097805,2.3071172653974674,0.9414634816029921,1.1658678666666646,2.063888401815717,0.29410943003512363,5.304326637692497,2.3040451531458075
109,0.0,20.335692282611543,30.112190236767653,35.686183893434354,11.828140333333337,24.898326963085495,0.0,0.0,0.09170053763567818,1.99168319786027,0.04766686666666666,1.0684645053578576,0.008198259106322502,0.0,0.7781007566273999
110,0.0,32.74350503811115,10.59526758595687,1.9547150246031748,3.5266344999999992,2.0148606843047157,0.0,0.029295451128757706,0.6989696906330778,0.18417074398213953,0.022114800000000014,0.13603133552282326,0.008763791271244867,0.6577384444562483,0.2734374583807603
111,0.817,0.0,20.311597005921406,0.8532617148484846,1.4374719444444461,1.2847229455518414,0.16710810163320283,0.0,1.3292426110251923,0.23320948095414784,0.2326882666666667,0.5175244985073973,0.1422552135167336,0.0,0.16264303658504772
112,0.179,0.0,0.0,7.26379164746032,2.4561790277777766,0.03061178057564772,0.0,1.527421450066228,0.9552330591168421,1.4348027565051087,1.000703533333332,1.50425955350746,0.18228847793489011,0.09174671889120276,0.9671592969111469
113,46.809,41.03208095867962,41.14234079106057,46.997894019682555,47.20024266666671,39.966135025965244,48.91605939385143,32.916943378002124,58.67225422112309,41.12038450940381,34.17318453333332,32.430995414698685,32.681011777179094,45.66892186975324,39.71109043005119
114,85.63,44.87180534971623,54.22028908911243,57.734639759711385,72.43593322222216,72.0141709198438,54.6293960620597,86.75033774257219,74.367480941581,79.58191340425569,84.4250634666667,85.06976801942017,80.27293056394863,78.46071921273202,80.94570265013718
115,0.0,25.06408417565938,44.16943413763805,6.8886610057142885,18.230266777777775,14.606509641877688,13.940060136702717,0.7558702454137485,0.6636092086821751,0.4364518356683341,0.18618986666666634,0.5094666317320844,0.109829502354382,0.802550550512511,0.44126629100770476
116,73.703,30.828912115148388,34.574248303235926,35.332646083492044,44.07717277777769,42.503108152718326,36.33234651547766,77.69943643439906,72.82621429900378,75.98671107017648,77.19512579999994,76.38466391018092,66.31134158809097,76.23787551696947,76.56561745594422
117,0.0,19.347565275602395,0.4293853146101469,2.9147673602020214,2.4537057777777775,0.0,0.0,0.0,2.6763393320251727,0.02516270977897364,0.017942400000000008,0.10333369650237559,0.008532708241399728,0.6595700122320167,0.23560724519318108
118,88.072,49.93539368106407,62.94561289948215,77.35120492528141,77.24802433333332,85.00302301201397,58.463831770423496,90.23149219783545,87.4296574431047,83.72770880261234,83.92140686666683,85.1648685905414,80.55686791961679,87.08052172608699,84.70292045587283
119,0.0,11.207071050505075,5.310240441527817,1.1217340720634918,1.565135222222222,0.0,0.24914673784317723,0.22332432325146012,0.31106739038261916,0.29760473075901006,0.07040720000000003,0.23003069630758918,0.023277227236599148,0.0,0.1552632779537837
120,0.297,0.0,10.726251659720592,0.9624011292063495,1.6789224444444453,0.7219892876117149,0.17247433240707571,0.17821400308747576,0.468291251847514,0.05875854797533098,0.09127666666666664,0.2105848656121092,0.038155808958638994,0.0,0.05054153497240608
121,31.04,36.01376215138288,42.76725775089869,45.51530193746032,36.442618777777795,57.653110233821494,46.19730724231874,55.78951767176873,53.08871427012171,52.68366595700148,58.22305563333325,63.32614505592128,49.251128300367995,49.97820570840078,54.03075336456409
122,35.201,73.29026436226704,10.855903424093542,51.96308884746029,52.38173336111096,50.846645096778886,37.765111267957295,32.027134259311076,37.8249608538798,36.632319348298076,37.5404174666666,34.793389271942885,34.83922974471761,34.16950646172414,36.310897636575675
123,0.0,19.544776050926526,0.0,1.5632789213997116,1.0212354444444454,0.7756505532361938,0.2046579968208814,8.78152993876784e-14,1.2629769613295196,0.01064215588850953,0.07878260000000004,0.37483927267264877,0.028219325158127712,0.009433117236693534,0.03372795688957804
124,0.0,32.117180367316266,45.34749274478919,41.89747512666666,21.031211666666675,13.613615938095373,28.197951365499488,0.0037308204629785137,0.07391249792659743,2.223982577575743,0.12762766666666667,1.63020004504335,0.015029236099417548,4.258642508897449,2.13309087783536
125,0.0,22.455419048366426,0.0,0.9144382917460321,0.5535064444444449,0.21560214304675168,0.0,0.0,0.4491945481422011,0.012799299961049893,0.01681066666666667,0.13208603982978212,0.01464550466040783,1.249621222943152,0.3953711533810009
126,39.72,63.926469005242964,56.46287780533216,48.03522760269841,47.66182363888878,49.60009296028544,47.758397803061314,39.415057645644325,37.06935235185567,43.830876662972614,43.758725133333314,41.14837886333186,39.33582787815091,38.91400109778769,42.47385969011965
127,0.0,0.0,6.4807304102478085,1.7751643353968265,1.2954350833333357,0.7212473624310858,0.16826260891088912,0.026710465726705775,0.4214619187806635,0.0,0.10253666666666657,0.08868971426526014,0.024668449909033267,0.0,0.0347964332620636
128,99.71,79.9579020189015,100.0,82.63604325476187,85.23097155555543,94.60269713019656,99.83027420656617,100.0,97.5760894321539,99.70787877322269,98.84253946666664,98.17723114090485,99.1102915044639,99.99968731260317,99.48075658978621
129,26.731,66.5490142372894,22.231903455830878,33.04662201809524,36.65867616666661,27.77428732469455,32.959644691445504,21.706757459929783,27.754651105818475,27.574264153480936,31.21109153333333,32.2715254003768,29.84197966153851,24.49988284906634,27.95819545450587
130,51.81,70.94294636539391,53.30307523709155,59.263906988498185,52.68812024999988,59.1809415148124,55.28347625997653,43.933656760256795,48.65875333356975,47.16725215895515,44.1876460666666,46.7806128240308,45.76310401877333,45.16088580994342,45.63192800424998
131,0.0,0.11954125278739411,0.0,0.6050473820634921,0.3585613333333333,0.0,0.2074460890887492,1.9316600354352243e-15,0.05347155187401903,2.2253371539156688,0.057137866666666724,0.9693820792394441,0.02091901773637312,1.360983299920831,1.2625466745526954
132,0.0,24.31603996542173,10.79522132650811,0.1617529692063492,1.0085639444444445,1.2281138216586263,0.28425657923027725,0.0,0.24792266296120796,0.3368755659535664,0.01950486666666668,0.10665786016058407,0.005993423062455892,1.4817603399190176,0.5540570349929126
133,83.147,43.07682278220052,52.692051600136,58.43705858746031,60.62761994444442,75.11692343613586,63.85604429467556,81.74594010440592,83.20335500545478,83.75449104990655,80.45317986666673,80.38459873253753,80.358026717983,83.76278801993404,82.62867773566254
134,39.543,50.56438494370777,57.38379485775831,44.04049859976912,46.200725916666634,51.21722708546484,47.99524034522055,36.43365301088594,38.87431154362817,34.88774663552219,39.0005253333333,34.58155774185123,35.23824889489582,39.10056783014837,37.44887097633314
135,0.0,8.676083296301936,1.2368467844343969,1.1823489604761903,1.1216983333333337,0.09830905701758083,0.15681883930309892,0.32245548294552184,0.3035201682643056,0.28691497617221096,0.0880174,0.3814836097134905,0.011973346699379262,0.34781913178876495,0.20007352389508398
136,14.583,53.86929591907492,28.603896254715757,20.84853833212121,18.961582499999974,16.351290784046427,28.526184617026352,10.263446702236635,15.286394550043658,15.277245273220867,14.552272599999986,13.485318999533181,15.476206954245052,16.16907640805008,15.185847428671199
137,0.0,0.0,1.899701684238623,5.742426391428572,2.343575611111116,11.28622618368416,0.17140178638303943,1.1859199730160828,0.3584602088232741,0.5492417035995197,0.5642139999999986,0.0,0.1981410017490385,0.0,0.41621517453549917
138,3.927,33.016443636343794,33.38437401111545,8.711421951428576,33.47989711111113,27.94802307470465,43.04673139954092,34.15017393864282,33.775498946933816,31.113680783493106,23.926482999999962,26.52234076768827,27.352446536506157,33.871348032529745,29.481011619784464
139,11.622,49.63370015324385,17.262730981328957,19.781426606565645,15.547000111111064,13.625525446247735,17.299818409897462,8.276729472653637,11.890335607884287,12.419382062138732,12.361159866666636,12.780590389718446,12.805927534433104,10.384542873462712,11.816056517566143
140,15.16,48.80326728366235,45.19313970266215,27.2140339047619,21.299322166666688,19.70876419231484,36.7837387514602,9.027279942675277,16.58674170585578,12.595031850757792,13.003858399999965,13.667552102506198,13.069818222825266,16.005060939738144,13.57350113229389
141,0.0,6.11945241587074,1.581626897798222,0.9856870398412692,1.6936404722222225,0.0,0.38377089997033403,2.1390292910132597e-06,1.1340624299347946,2.422775465016244,0.9128265999999992,2.285169914434265,0.2239543119935133,5.811318707758804,2.8622938421227397
142,75.005,36.52230761542886,29.233966391994993,34.90397532343434,39.53666347222223,38.56167035386498,43.794110959894894,77.52271775491033,71.21258396136022,71.92875562343553,74.70474613333344,71.55256199567353,69.64294072188345,76.75122261582139,74.34826083158848
143,83.985,52.03333860157794,50.55469459592421,73.15400352147185,64.69015411111113,67.14195282739584,60.55337412129072,87.99473762851761,89.56273893644322,83.54312300804534,86.11976006666667,90.79036392977264,88.48126416614292,82.7355781853883,84.11470171668569
144,2.195,45.818141691732784,38.369176510384555,27.365214301904764,21.064874861111093,20.94624364179598,24.3360288590413,0.0059572989465146,32.639948011381406,9.575924654743718,1.855562600000002,6.145305591988422,0.3656678722021867,11.199729806059953,7.429264716698801
145,0.0,0.0,100.0,0.43218118619047574,1.2312914444444418,7.886163591474118,0.19472933877367712,0.0,0.0,0.36158950458190847,0.05473826666666677,0.4151072875469405,0.015962672791127334,0.0,0.1455898160665341
146,1.249,0.0,0.0,0.9780309311255408,2.878839138888891,0.0,1.4872033830758302,0.0,0.5913097434452347,2.0773906383850216,0.8005173333333341,0.02764801268635323,0.334157539158381,0.0,1.038230625289147
147,0.645,20.83569003181389,12.738503895023587,3.4719254026984125,5.393497388888882,3.507476928765797,5.676088776662442,1.362334313115301,0.6146755892910394,0.0,0.3082619999999996,0.2006121803109243,0.26401485539807495,0.0,0.10329203356282615
148,0.0,19.644602979158083,7.824391660919422,1.4787158748629143,1.9209757222222226,0.6753667061530763,0.0,0.0,0.8257323198636793,0.0,0.059328666666666675,0.030418956684370065,0.007418848382510353,0.07840480460837398,0.033507078822764914
149,28.516,49.306841286390465,66.05046034098693,35.73778989507936,34.69135811111109,35.78264308902212,48.36278472795896,23.220887392456287,32.42067165986211,26.646740408920056,32.49044716666664,33.11679685119923,31.9359125823066,31.389814043637948,29.94187126744337
